Vtot_mV,htc_W_m2K,Tmax_K,Tmax_C,terminal_current_A,joule_power_W,convection_power_W,energy_imbalance_percent
10,2,313.573577134173,40.4235771341732,80.7744478347771,0.80716209824046,0.806780229648763,0.0473100251522208
10,5,302.479056160041,29.3290561600406,80.7744478347771,0.80716209824046,0.806780229649358,0.0473100250784959
10,10,298.775688101873,25.6256881018733,80.7744478347771,0.80716209824046,0.806780229653794,0.0473100245289427
20,2,374.844308536695,101.694308536695,161.548895669554,3.22864839296184,3.22712091859391,0.0473100251876665
20,5,330.466224640162,57.3162246401622,161.548895669554,3.22864839296184,3.227120918595,0.0473100251539539
20,10,315.652752407493,42.5027524074929,161.548895669554,3.22864839296184,3.22712091859568,0.0473100251328955
30,2,476.962194207563,203.812194207563,242.323343504331,7.26445888416414,7.26102206683343,0.0473100252271744
30,5,377.111505440365,103.961505440365,242.323343504331,7.26445888416414,7.26102206683693,0.0473100251789048
30,10,343.781192916859,70.6311929168591,242.323343504331,7.26445888416414,7.26102206684508,0.047310025066728
